{
  "offline_stats": {
    "n_samples": 500,
    "n_clusters": 12,
    "embedding_dim": 128,
    "cluster_sizes": {
      "0": 26,
      "1": 25,
      "2": 25,
      "3": 35,
      "4": 31,
      "5": 27,
      "6": 36,
      "7": 174,
      "8": 39,
      "9": 27,
      "10": 27,
      "11": 28
    },
    "prior_scores": {
      "0": 0.4975651758830876,
      "1": 0.4578476403220465,
      "2": 0.3791354366434739,
      "3": 0.3146173215570767,
      "4": 0.34466624713134086,
      "5": 0.467509861492114,
      "6": 0.33186534547182045,
      "7": 0.49999999999868555,
      "8": 0.3063857652381708,
      "9": 0.30903250645416314,
      "10": 0.25186566937695287,
      "11": 0.17553513741095716
    }
  },
  "round_stats": [
    {
      "round": 1,
      "n_selected": 50,
      "n_clusters_selected": 3,
      "cluster_coverage": 0.25,
      "diversity": 0.5123981833457947,
      "budget_allocation": {
        